"Package","Field"
"a4","Microarray"
"a4Base","Microarray"
"a4Classif","Microarray"
"a4Core","Microarray"
"a4Preproc","Microarray"
"a4Reporting","Microarray"
"ABarray","Microarray"
"abseqR","Other"
"ABSSeq","Other"
"acde","Microarray"
"ACE","Genomics"
"aCGH","Genomics"
"ACME","Microarray"
"ADaCGH2","Microarray"
"ADAM","Microarray"
"ADAMgui","Genomics"
"ADAPT","Microbiome"
"adductomicsR","Metabolomics"
"ADImpute","Single-cell"
"adSplit","Microarray"
"adverSCarial","Single-cell"
"AffiXcan","Genomics"
"affxparser","Microarray"
"affy","Microarray"
"affycomp","Microarray"
"affyContam","Other"
"affycoretools","Microarray"
"affyILM","Microarray"
"affyio","Microarray"
"affylmGUI","Microarray"
"affyPLM","Microarray"
"AffyRNADegradation","Microarray"
"AGDEX","Microarray"
"aggregateBioVar","Single-cell"
"agilp","Other"
"AgiMicroRna","Microarray"
"AHMassBank","Metabolomics"
"AIMS","Microarray"
"airpart","Single-cell"
"alabaster","Other"
"alabaster.base","Other"
"alabaster.bumpy","Other"
"alabaster.files","Other"
"alabaster.mae","Other"
"alabaster.matrix","Other"
"alabaster.ranges","Other"
"alabaster.sce","Other"
"alabaster.schemas","Other"
"alabaster.se","Other"
"alabaster.sfe","Other"
"alabaster.spatial","Other"
"alabaster.string","Other"
"alabaster.vcf","Other"
"ALDEx2","Microbiome"
"alevinQC","Single-cell"
"AllelicImbalance","Genomics"
"AlphaBeta","Genomics"
"AlphaMissenseR","Immunology"
"AlpsNMR","Metabolomics"
"altcdfenvs","Microarray"
"AMARETTO","Microarray"
"AMOUNTAIN","Microarray"
"amplican","Immunology"
"anansi","Microbiome"
"Anaquin","Immunology"
"ANCOMBC","Microbiome"
"ANF","Other"
"anglemania","Single-cell"
"animalcules","Microbiome"
"annaffy","Microarray"
"anndataR","Single-cell"
"annmap","Microarray"
"annotate","Other"
"AnnotationDbi","Microarray"
"AnnotationFilter","Other"
"AnnotationForge","Other"
"AnnotationHub","Other"
"AnnotationHubData","Other"
"annotationTools","Microarray"
"annotatr","Genomics"
"anota","Microarray"
"anota2seq","Microarray"
"antiProfiles","Genomics"
"AnVIL","Other"
"AnVILAz","Other"
"AnVILBase","Other"
"AnVILBilling","Other"
"AnVILGCP","Other"
"AnVILPublish","Other"
"AnVILWorkflow","Other"
"apComplex","Immunology"
"apeglm","Immunology"
"APL","Single-cell"
"appreci8R","Genomics"
"aroma.light","Microarray"
"ArrayExpress","Microarray"
"arrayMvout","Microarray"
"arrayQuality","Microarray"
"arrayQualityMetrics","Microarray"
"ARRmNormalization","Microarray"
"artMS","Immunology"
"ASAFE","Genomics"
"ASEB","Proteomics"
"ASGSCA","Other"
"ASICS","Metabolomics"
"ASpli","Immunology"
"AssessORF","Proteomics"
"ASSET","Genomics"
"ASSIGN","Genomics"
"assorthead","Single-cell"
"ASURAT","Single-cell"
"ATACseqQC","Immunology"
"ATACseqTFEA","Genomics"
"atena","Transcriptomics"
"atSNP","Microarray"
"attract","Microarray"
"AUCell","Single-cell"
"autonomics","Microarray"
"AWAggregator","Metabolomics"
"AWFisher","Other"
"awst","Single-cell"
"BaalChIP","Microarray"
"bacon","Microarray"
"BADER","Immunology"
"BadRegionFinder","Genomics"
"BAGS","Other"
"ballgown","Immunology"
"bambu","Immunology"
"bamsignals","Other"
"BANDITS","Transcriptomics"
"bandle","Immunology"
"Banksy","Single-cell"
"banocc","Microbiome"
"barbieQ","Other"
"basecallQC","Other"
"BaseSpaceR","Genomics"
"Basic4Cseq","Immunology"
"BASiCS","Single-cell"
"BASiCStan","Single-cell"
"BasicSTARRseq","Genomics"
"basilisk","Other"
"basilisk.utils","Other"
"batchCorr","Metabolomics"
"batchelor","Single-cell"
"BatchQC","Microarray"
"BatchSVG","Transcriptomics"
"BayesKnockdown","Genomics"
"BayesSpace","Single-cell"
"bayNorm","Single-cell"
"baySeq","Other"
"BBCAnalyzer","Genomics"
"BCRANK","Genomics"
"bcSeq","Immunology"
"beachmat","Other"
"beachmat.hdf5","Other"
"beachmat.tiledb","Other"
"beadarray","Microarray"
"BeadDataPackR","Microarray"
"BEAT","Immunology"
"BEclear","Genomics"
"bedbaser","Other"
"beer","Other"
"BERT","Other"
"betaHMM","Microarray"
"bettr","Other"
"BG2","Genomics"
"BgeeCall","Transcriptomics"
"BgeeDB","Microarray"
"BicARE","Microarray"
"BiFET","Immunology"
"bigmelon","Microarray"
"BindingSiteFinder","Genomics"
"bioassayR","Immunology"
"Biobase","Other"
"biobroom","Proteomics"
"biobtreeR","Other"
"Bioc.gff","Other"
"bioCancer","Genomics"
"BioCartaImage","Other"
"BiocBaseUtils","Other"
"BiocBook","Other"
"BiocCheck","Other"
"BiocFHIR","Other"
"BiocFileCache","Other"
"BiocGenerics","Other"
"biocGraph","Other"
"BiocHail","Other"
"BiocHubsShiny","Other"
"BiocIO","Other"
"biocmake","Other"
"BiocNeighbors","Other"
"BioCor","Genomics"
"BiocParallel","Other"
"BiocPkgTools","Other"
"biocroxytest","Other"
"BiocSet","Genomics"
"BiocSingular","Other"
"BiocSklearn","Other"
"BiocStyle","Other"
"biocthis","Other"
"BiocVersion","Other"
"biocViews","Other"
"BiocWorkflowTools","Other"
"biodb","Other"
"biodbChebi","Other"
"bioDist","Other"
"BioGA","Other"
"biomaRt","Other"
"biomformat","Microbiome"
"BioMVCClass","Other"
"biomvRCNS","Microarray"
"BioNAR","Other"
"BioNERO","Genomics"
"BioNet","Microarray"
"BioQC","Genomics"
"biosigner","Transcriptomics"
"Biostrings","Genomics"
"BioTIP","Transcriptomics"
"biotmle","Microarray"
"biovizBase","Other"
"BiRewire","Other"
"biscuiteer","Genomics"
"BiSeq","Genomics"
"blacksheepr","Transcriptomics"
"blase","Single-cell"
"blima","Microarray"
"BLMA","Microarray"
"BloodGen3Module","Genomics"
"bluster","Single-cell"
"bnbc","Other"
"bnem","Genomics"
"BOBaFIT","Other"
"borealis","Genomics"
"BRAIN","Immunology"
"branchpointer","Genomics"
"breakpointR","Single-cell"
"BreastSubtypeR","Transcriptomics"
"brendaDb","Other"
"BREW3R.r","Genomics"
"BridgeDbR","Metabolomics"
"broadSeq","Transcriptomics"
"BrowserViz","Other"
"BSgenome","Genomics"
"BSgenomeForge","Genomics"
"bsseq","Genomics"
"BufferedMatrix","Other"
"BufferedMatrixMethods","Other"
"bugsigdbr","Microbiome"
"BulkSignalR","Transcriptomics"
"BUMHMM","Immunology"
"bumphunter","Immunology"
"BumpyMatrix","Other"
"BUS","Other"
"BUScorrect","Genomics"
"BUSpaRse","Single-cell"
"BUSseq","Single-cell"
"CaDrA","Microarray"
"CAEN","Single-cell"
"CAFE","Microarray"
"CAGEfightR","Transcriptomics"
"cageminer","Genomics"
"CAGEr","Genomics"
"CalibraCurve","Metabolomics"
"calm","Microarray"
"CAMERA","Immunology"
"CaMutQC","Genomics"
"canceR","Genomics"
"cancerclass","Microarray"
"cardelino","Single-cell"
"Cardinal","Immunology"
"CardinalIO","Metabolomics"
"CARDspa","Single-cell"
"CARNIVAL","Transcriptomics"
"casper","Immunology"
"CATALYST","Single-cell"
"Category","Genomics"
"categoryCompare","Genomics"
"CatsCradle","Single-cell"
"CausalR","Microarray"
"cbaf","Microarray"
"cBioPortalData","Other"
"CBN2Path","Other"
"CBNplot","Genomics"
"cbpManager","Immunology"
"CCAFE","Genomics"
"ccfindR","Single-cell"
"ccImpute","Single-cell"
"CCPlotR","Single-cell"
"CCPROMISE","Microarray"
"ccrepe","Microbiome"
"CDI","Single-cell"
"celaref","Single-cell"
"celda","Single-cell"
"CellBarcode","Other"
"cellbaseR","Other"
"CellBench","Single-cell"
"CelliD","Single-cell"
"cellity","Immunology"
"CellMapper","Microarray"
"cellmig","Single-cell"
"cellmigRation","Other"
"CellMixS","Single-cell"
"CellNOptR","Immunology"
"cellscape","Other"
"CellTrails","Single-cell"
"cellxgenedp","Single-cell"
"CEMiTool","Microarray"
"censcyt","Single-cell"
"Cepo","Single-cell"
"ceRNAnetsim","Transcriptomics"
"CeTF","Single-cell"
"CexoR","Microarray"
"CFAssay","Immunology"
"cfdnakit","Genomics"
"cfDNAPro","Genomics"
"cfTools","Genomics"
"CGEN","Other"
"CGHbase","Microarray"
"CGHcall","Microarray"
"cghMCR","Microarray"
"CGHnormaliter","Microarray"
"CGHregions","Microarray"
"ChAMP","Microarray"
"ChemmineOB","Metabolomics"
"ChemmineR","Metabolomics"
"CHETAH","Single-cell"
"chevreulPlot","Single-cell"
"chevreulProcess","Single-cell"
"chevreulShiny","Single-cell"
"Chicago","Genomics"
"chihaya","Other"
"chimeraviz","Other"
"ChIPanalyser","Microarray"
"ChIPComp","Microarray"
"chipenrich","Microarray"
"ChIPexoQual","Microarray"
"ChIPpeakAnno","Microarray"
"ChIPseeker","Microarray"
"chipseq","Microarray"
"ChIPseqR","Microarray"
"ChIPsim","Microarray"
"ChIPXpress","Microarray"
"chopsticks","Microarray"
"Chromatograms","Metabolomics"
"chromDraw","Other"
"ChromHeatMap","Other"
"chromPlot","Genomics"
"ChromSCape","Single-cell"
"chromVAR","Single-cell"
"CHRONOS","Other"
"cicero","Single-cell"
"cigarillo","Other"
"CIMICE","Single-cell"
"circRNAprofiler","Genomics"
"CircSeqAlignTk","Transcriptomics"
"CiteFuse","Single-cell"
"ClassifyR","Other"
"cleanUpdTSeq","Transcriptomics"
"CleanUpRNAseq","Genomics"
"cleaver","Proteomics"
"clevRvis","Other"
"clippda","Microarray"
"clipper","Other"
"cliProfiler","Microarray"
"cliqueMS","Metabolomics"
"Clomial","Immunology"
"clst","Other"
"clstutils","Other"
"CluMSID","Metabolomics"
"ClustAll","Other"
"clustComp","Genomics"
"clusterExperiment","Single-cell"
"ClusterFoldSimilarity","Single-cell"
"ClusterJudge","Genomics"
"clusterProfiler","Genomics"
"clusterSeq","Genomics"
"ClusterSignificance","Other"
"clusterStab","Other"
"clustifyr","Single-cell"
"ClustIRR","Single-cell"
"clustSIGNAL","Single-cell"
"CMA","Other"
"cmapR","Genomics"
"cn.farms","Microarray"
"cn.mops","Genomics"
"CNAnorm","Genomics"
"CNEr","Genomics"
"CNORdt","Immunology"
"CNORfeeder","Proteomics"
"CNORfuzzy","Other"
"CNORode","Immunology"
"CNTools","Microarray"
"CNVfilteR","Genomics"
"cnvGSA","Other"
"CNViz","Genomics"
"CNVMetrics","Other"
"CNVPanelizer","Other"
"CNVRanger","Microarray"
"CNVrd2","Other"
"CoCiteStats","Other"
"COCOA","Microarray"
"codelink","Microarray"
"CODEX","Immunology"
"CoGAPS","Microarray"
"cogena","Microarray"
"cogeqc","Genomics"
"Cogito","Genomics"
"coGPS","Microarray"
"cola","Genomics"
"combi","Microbiome"
"coMethDMR","Microarray"
"COMPASS","Cytometrics"
"compcodeR","Immunology"
"compEpiTools","Genomics"
"ComplexHeatmap","Other"
"CompoundDb","Metabolomics"
"ComPrAn","Metabolomics"
"compSPOT","Single-cell"
"concordexR","Single-cell"
"condiments","Single-cell"
"CONFESS","Immunology"
"consensus","Microarray"
"ConsensusClusterPlus","Other"
"consensusDE","Transcriptomics"
"consensusOV","Microarray"
"consensusSeekeR","Microarray"
"consICA","Transcriptomics"
"CONSTANd","Transcriptomics"
"conumee","Microarray"
"convert","Microarray"
"copa","Microarray"
"CopyNumberPlots","Microarray"
"Coralysis","Single-cell"
"coRdon","Microbiome"
"CoreGx","Genomics"
"Cormotif","Microarray"
"corral","Single-cell"
"coseq","Immunology"
"CoSIA","Genomics"
"cosmiq","Immunology"
"cosmosR","Transcriptomics"
"COSNet","Other"
"COTAN","Single-cell"
"countsimQC","Microbiome"
"covEB","Microarray"
"CoverageView","Microarray"
"covRNA","Genomics"
"CPSM","Genomics"
"cpvSNP","Genomics"
"cqn","Immunology"
"CRImage","Other"
"CRISPRball","Other"
"crisprBase","Genomics"
"crisprBowtie","Genomics"
"crisprBwa","Genomics"
"crisprDesign","Genomics"
"crisprScore","Genomics"
"CRISPRseek","Immunology"
"crisprShiny","Genomics"
"CrispRVariants","Immunology"
"crisprVerse","Genomics"
"crisprViz","Genomics"
"crlmm","Microarray"
"crumblr","Single-cell"
"crupR","Genomics"
"CSAR","Microarray"
"csaw","Microarray"
"csdR","Genomics"
"CSOA","Single-cell"
"CSSQ","Microarray"
"ctc","Microarray"
"CTdata","Transcriptomics"
"CTDquerier","Genomics"
"CTexploreR","Transcriptomics"
"cTRAP","Immunology"
"ctsGE","Immunology"
"CTSV","Genomics"
"CuratedAtlasQueryR","Transcriptomics"
"customCMPdb","Other"
"customProDB","Immunology"
"cyanoFilter","Microarray"
"cycle","Microarray"
"cydar","Single-cell"
"cypress","Transcriptomics"
"CytoDx","Cytometrics"
"CyTOFpower","Single-cell"
"cytofQC","Single-cell"
"CytoGLMM","Single-cell"
"cytoKernel","Single-cell"
"cytolib","Cytometrics"
"cytomapper","Single-cell"
"CytoMDS","Cytometrics"
"cytoMEM","Single-cell"
"CytoML","Cytometrics"
"CytoPipeline","Cytometrics"
"CytoPipelineGUI","Cytometrics"
"cytoviewer","Single-cell"
"dada2","Microbiome"
"dagLogo","Other"
"daMA","Microarray"
"DAMEfinder","Genomics"
"DaMiRseq","Immunology"
"Damsel","Genomics"
"dandelionR","Single-cell"
"DAPAR","Metabolomics"
"dar","Microbiome"
"DART","Genomics"
"dcanr","Other"
"DCATS","Single-cell"
"dcGSA","Microarray"
"ddCt","Genomics"
"ddPCRclust","Other"
"dearseq","Immunology"
"debrowser","Microarray"
"DECIPHER","Microbiome"
"decompTumor2Sig","Genomics"
"decontam","Microbiome"
"decontX","Single-cell"
"DeconvoBuddies","Single-cell"
"deconvR","Single-cell"
"decoupleR","Genomics"
"DeeDeeExperiment","Transcriptomics"
"DeepPINCS","Other"
"deepSNV","Genomics"
"DeepTarget","Immunology"
"DEFormats","Immunology"
"DegCre","Microarray"
"DegNorm","Immunology"
"DEGraph","Microarray"
"DEGreport","Immunology"
"DEGseq","Immunology"
"DelayedArray","Genomics"
"DelayedDataFrame","Other"
"DelayedMatrixStats","Other"
"DelayedRandomArray","Other"
"DelayedTensor","Other"
"DELocal","Transcriptomics"
"deltaCaptureC","Other"
"deltaGseg","Proteomics"
"DeMAND","Genomics"
"DeMixT","Microarray"
"demuxmix","Single-cell"
"demuxSNP","Single-cell"
"densvis","Single-cell"
"DEP","Immunology"
"DepecheR","Single-cell"
"DepInfeR","Genomics"
"DEqMS","Immunology"
"derfinder","Microarray"
"derfinderHelper","Immunology"
"derfinderPlot","Immunology"
"DEScan2","Immunology"
"DESeq2","Microarray"
"DEsingle","Single-cell"
"DESpace","Single-cell"
"destiny","Other"
"DEsubs","Immunology"
"DEWSeq","Genomics"
"DExMA","Genomics"
"DEXSeq","Immunology"
"DFP","Microarray"
"DFplyr","Other"
"DiffBind","Microarray"
"diffcoexp","Microarray"
"diffcyt","Single-cell"
"DifferentialRegulation","Single-cell"
"diffGeneAnalysis","Microarray"
"diffHic","Other"
"DiffLogo","Other"
"diffuStats","Transcriptomics"
"diffUTR","Genomics"
"diggit","Genomics"
"Dino","Single-cell"
"dinoR","Genomics"
"dir.expiry","Other"
"DirichletMultinomial","Microbiome"
"discordant","Microarray"
"DiscoRhythm","Other"
"distinct","Single-cell"
"dittoSeq","Single-cell"
"divergence","Other"
"dks","Other"
"DMCFB","Other"
"DMCHMM","Other"
"dmGsea","Proteomics"
"DMRcaller","Genomics"
"DMRcate","Microarray"
"DMRScan","Genomics"
"dmrseq","Immunology"
"DNABarcodeCompatibility","Other"
"DNABarcodes","Other"
"DNAcopy","Microarray"
"DNAcycP2","Other"
"DNAfusion","Genomics"
"DNAshapeR","Genomics"
"DNEA","Metabolomics"
"DominoEffect","Proteomics"
"dominoSignal","Single-cell"
"doppelgangR","Microarray"
"Doscheda","Metabolomics"
"DOSE","Genomics"
"doseR","Genomics"
"DOtools","Single-cell"
"doubletrouble","Genomics"
"drawProteins","Proteomics"
"dreamlet","Single-cell"
"DRIMSeq","Immunology"
"DriverNet","Other"
"DropletUtils","Single-cell"
"drugTargetInteractions","Metabolomics"
"DrugVsDisease","Microarray"
"DspikeIn","Microbiome"
"DSS","Transcriptomics"
"dStruct","Other"
"DTA","Microarray"
"Dune","Single-cell"
"DuplexDiscovereR","Transcriptomics"
"dupRadar","Immunology"
"dyebias","Microarray"
"DynDoc","Other"
"easier","Immunology"
"EasyCellType","Single-cell"
"easylift","Genomics"
"easyreporting","Other"
"easyRNASeq","Immunology"
"EBarrays","Other"
"EBcoexpress","Other"
"EBImage","Other"
"EBSEA","Genomics"
"EBSeq","Immunology"
"ecolitk","Other"
"EDASeq","Immunology"
"edge","Genomics"
"edgeR","Single-cell"
"EDIRquery","Genomics"
"eds","Single-cell"
"EGAD","Genomics"
"EGSEA","Microarray"
"eiR","Metabolomics"
"eisaR","Transcriptomics"
"ELMER","Genomics"
"ELViS","Genomics"
"EMDomics","Microarray"
"EmpiricalBrownsMethod","Genomics"
"EnhancedVolcano","Immunology"
"enhancerHomologSearch","Genomics"
"EnMCB","Microarray"
"ENmix","Microarray"
"EnrichDO","Genomics"
"EnrichedHeatmap","Genomics"
"EnrichmentBrowser","Microarray"
"enrichplot","Genomics"
"enrichViewNet","Other"
"ensembldb","Genomics"
"epialleleR","Genomics"
"EpiCompare","Microarray"
"epidecodeR","Microarray"
"EpiDISH","Microarray"
"epigenomix","Microarray"
"epigraHMM","Microarray"
"EpiMix","Genomics"
"epimutacions","Genomics"
"epiNEM","Other"
"EpipwR","Genomics"
"epiregulon","Single-cell"
"epiregulon.extra","Microarray"
"epistack","Microarray"
"epistasisGA","Genomics"
"EpiTxDb","Transcriptomics"
"epivizr","Other"
"epivizrChart","Other"
"epivizrData","Other"
"epivizrServer","Other"
"epivizrStandalone","Other"
"erccdashboard","Microarray"
"ERSSA","Immunology"
"esATAC","Immunology"
"escape","Single-cell"
"escheR","Single-cell"
"esetVis","Other"
"eudysbiome","Other"
"evaluomeR","Other"
"EventPointer","Microarray"
"EWCE","Single-cell"
"ExCluster","Immunology"
"ExiMiR","Microarray"
"ExperimentHub","Other"
"ExperimentHubData","Other"
"ExperimentSubset","Other"
"ExploreModelMatrix","Other"
"ExpressionAtlas","Microarray"
"extraChIPs","Microarray"
"fabia","Microarray"
"factDesign","Microarray"
"factR","Transcriptomics"
"faers","Genomics"
"FamAgg","Genomics"
"famat","Genomics"
"fastLiquidAssociation","Genomics"
"FastqCleaner","Other"
"fastreeR","Microbiome"
"fastseg","Other"
"fCCAC","Microarray"
"fCI","Proteomics"
"fcScan","Genomics"
"fdrame","Microarray"
"FEAST","Single-cell"
"FeatSeekR","Metabolomics"
"fedup","Genomics"
"FELLA","Metabolomics"
"fenr","Proteomics"
"ffpe","Microarray"
"fgga","Other"
"FGNet","Genomics"
"fgsea","Genomics"
"FilterFFPE","Other"
"findIPs","Genomics"
"FindIT2","Microarray"
"FinfoMDS","Microbiome"
"FISHalyseR","Other"
"fishpond","Single-cell"
"FitHiC","Genomics"
"flagme","Metabolomics"
"FLAMES","Single-cell"
"flowAI","Cytometrics"
"flowBeads","Cytometrics"
"flowBin","Cytometrics"
"flowcatchR","Other"
"flowCHIC","Cytometrics"
"flowClean","Cytometrics"
"flowClust","Cytometrics"
"flowCore","Cytometrics"
"flowCut","Cytometrics"
"flowCyBar","Cytometrics"
"flowDensity","Cytometrics"
"flowFP","Cytometrics"
"flowGate","Cytometrics"
"flowGraph","Cytometrics"
"flowMatch","Cytometrics"
"flowMeans","Cytometrics"
"flowMerge","Cytometrics"
"flowPeaks","Cytometrics"
"flowPloidy","Cytometrics"
"flowPlots","Cytometrics"
"FlowSOM","Cytometrics"
"flowSpecs","Single-cell"
"flowStats","Cytometrics"
"flowTime","Cytometrics"
"flowTrans","Cytometrics"
"flowViz","Cytometrics"
"flowVS","Microarray"
"flowWorkspace","Cytometrics"
"fmcsR","Metabolomics"
"fmrs","Other"
"fobitools","Metabolomics"
"FRASER","Transcriptomics"
"frenchFISH","Genomics"
"FRGEpistasis","Genomics"
"frma","Microarray"
"frmaTools","Microarray"
"funOmics","Transcriptomics"
"funtooNorm","Genomics"
"FuseSOM","Single-cell"
"G4SNVHunter","Genomics"
"GA4GHclient","Other"
"GA4GHshiny","Other"
"gaga","Microarray"
"gage","Microarray"
"GAprediction","Immunology"
"garfield","Genomics"
"GARS","Other"
"GateFinder","Cytometrics"
"gatom","Genomics"
"GBScleanR","Genomics"
"gcapc","Microarray"
"gcatest","Genomics"
"GCPtools","Other"
"gCrisprTools","Immunology"
"gcrma","Microarray"
"GDCRNATools","Immunology"
"gDNAx","Transcriptomics"
"gDR","Other"
"gDRcore","Other"
"gDRimport","Other"
"gDRstyle","Other"
"gDRutils","Other"
"GDSArray","Microarray"
"gdsfmt","Other"
"GeDi","Transcriptomics"
"GEM","Microarray"
"gemini","Other"
"gemma.R","Single-cell"
"genArise","Microarray"
"geneAttribution","Genomics"
"GeneBreak","Genomics"
"geneClassifiers","Microarray"
"GeneExpressionSignature","Genomics"
"genefilter","Microarray"
"genefu","Genomics"
"GeneGA","Genomics"
"GeneMeta","Microarray"
"GeneNetworkBuilder","Microarray"
"GeneOverlap","Other"
"geneplast","Genomics"
"geneplotter","Other"
"geneRecommender","Microarray"
"GeneRegionScan","Microarray"
"geneRxCluster","Genomics"
"GeneSelectMMD","Other"
"GENESIS","Genomics"
"GeneStructureTools","Immunology"
"geNetClassifier","Microarray"
"GeneticsPed","Genomics"
"GeneTonic","Transcriptomics"
"geneXtendeR","Microarray"
"GENIE3","Genomics"
"genomation","Other"
"GenomAutomorphism","Genomics"
"GenomeInfoDb","Genomics"
"genomeIntervals","Genomics"
"genomes","Genomics"
"GenomicAlignments","Immunology"
"GenomicDataCommons","Other"
"GenomicDistributions","Genomics"
"GenomicFeatures","Genomics"
"GenomicFiles","Genomics"
"genomicInstability","Single-cell"
"GenomicInteractionNodes","Other"
"GenomicInteractions","Other"
"GenomicOZone","Transcriptomics"
"GenomicPlot","Microarray"
"GenomicRanges","Genomics"
"GenomicScores","Genomics"
"GenomicSuperSignature","Transcriptomics"
"GenomicTuples","Other"
"GenProSeq","Proteomics"
"GenVisR","Genomics"
"GeoDiff","Genomics"
"GEOfastq","Transcriptomics"
"GEOmetadb","Other"
"geomeTriD","Other"
"GeomxTools","Microarray"
"GEOquery","Microarray"
"GEOsubmission","Microarray"
"GeoTcgaData","Microarray"
"gep2pep","Genomics"
"getDEE2","Transcriptomics"
"geva","Microarray"
"GEWIST","Genomics"
"geyser","Genomics"
"gg4way","Single-cell"
"ggbio","Other"
"ggcyto","Cytometrics"
"ggkegg","Other"
"ggmanh","Genomics"
"ggmsa","Other"
"GGPA","Genomics"
"ggsc","Single-cell"
"ggseqalign","Other"
"ggspavis","Single-cell"
"ggtree","Genomics"
"ggtreeDendro","Genomics"
"ggtreeExtra","Genomics"
"ggtreeSpace","Genomics"
"GIGSEA","Genomics"
"ginmappeR","Genomics"
"GLAD","Microarray"
"GladiaTOX","Other"
"Glimma","Microarray"
"glmGamPoi","Single-cell"
"glmSparseNet","Other"
"GlobalAncova","Microarray"
"globalSeq","Transcriptomics"
"globaltest","Microarray"
"GloScope","Single-cell"
"gmapR","Other"
"GmicR","Immunology"
"gmoviz","Genomics"
"GMRP","Other"
"GNET2","Genomics"
"GNOSIS","Other"
"goatea","Transcriptomics"
"GOexpress","Microarray"
"GOfuncR","Genomics"
"GOpro","Genomics"
"goProfiles","Microarray"
"GOSemSim","Other"
"goseq","Immunology"
"goSorensen","Microarray"
"goSTAG","Microarray"
"GOstats","Microarray"
"GOTHiC","Immunology"
"goTools","Microarray"
"GPA","Genomics"
"gpls","Microarray"
"GrafGen","Genomics"
"GRaNIE","Microarray"
"graper","Other"
"graph","Other"
"GraphAlignment","Other"
"GraphAT","Other"
"graphite","Metabolomics"
"GRENITS","Genomics"
"GreyListChIP","Microarray"
"GRmetrics","Immunology"
"groHMM","Other"
"GSALightning","Genomics"
"GSAR","Other"
"GSCA","Genomics"
"gscreend","Other"
"GSEABase","Genomics"
"GSEABenchmarkeR","Microarray"
"GSEAlm","Microarray"
"GSEAmining","Genomics"
"gsean","Genomics"
"GSgalgoR","Genomics"
"GSReg","Transcriptomics"
"GSRI","Microarray"
"GSVA","Microarray"
"gtrellis","Other"
"GUIDEseq","Immunology"
"Guitar","Transcriptomics"
"gVenn","Microarray"
"Gviz","Microarray"
"GWAS.BAYES","Genomics"
"gwascat","Genomics"
"GWASTools","Microarray"
"gwasurvivr","Genomics"
"GWENA","Microarray"
"gypsum","Other"
"h5mread","Other"
"h5vc","Other"
"hapFabia","Genomics"
"Harman","Microarray"
"HarmonizR","Other"
"HDF5Array","Single-cell"
"HDTD","Microarray"
"hdxmsqc","Metabolomics"
"heatmaps","Genomics"
"Heatplus","Microarray"
"HelloRanges","Genomics"
"HELP","Microarray"
"HEM","Microarray"
"hermes","Transcriptomics"
"HERON","Microarray"
"Herper","Other"
"HGC","Single-cell"
"HIBAG","Genomics"
"HicAggR","Microarray"
"HiCaptuRe","Genomics"
"HiCBricks","Other"
"HiCcompare","Other"
"HiCDCPlus","Genomics"
"HiCDOC","Genomics"
"HiCExperiment","Genomics"
"HiContacts","Genomics"
"HiCParser","Other"
"HiCPotts","Genomics"
"hicVennDiagram","Genomics"
"hierGWAS","Other"
"hierinf","Genomics"
"HilbertCurve","Genomics"
"HilbertVis","Other"
"HilbertVisGUI","Other"
"HiLDA","Other"
"hipathia","Genomics"
"HIPPO","Single-cell"
"HIREewas","Genomics"
"HiTC","Other"
"hmdbQuery","Metabolomics"
"HMMcopy","Microarray"
"HoloFoodR","Microbiome"
"hoodscanR","Single-cell"
"hopach","Other"
"HPAanalyze","Proteomics"
"hpar","Proteomics"
"HPiP","Proteomics"
"HTqPCR","Genomics"
"HTSFilter","Immunology"
"HuBMAPR","Single-cell"
"HubPub","Other"
"hummingbird","Genomics"
"HVP","Single-cell"
"HybridExpress","Transcriptomics"
"HybridMTest","Microarray"
"hypeR","Genomics"
"hyperdraw","Other"
"hypergraph","Other"
"iASeq","Microarray"
"iasva","Immunology"
"iBBiG","Genomics"
"Ibex","Single-cell"
"ibh","Other"
"iBMQ","Microarray"
"iCARE","Genomics"
"Icens","Other"
"icetea","Immunology"
"iCheck","Microarray"
"iChip","Microarray"
"iClusterPlus","Other"
"iCNV","Immunology"
"iCOBRA","Other"
"ideal","Immunology"
"IdeoViz","Microarray"
"idiogram","Other"
"idpr","Proteomics"
"idr2d","Genomics"
"IFAA","Microbiome"
"igblastr","Immunology"
"iGC","Microarray"
"IgGeneUsage","Immunology"
"igvR","Genomics"
"igvShiny","Other"
"IHW","Immunology"
"illuminaio","Microarray"
"ILoReg","Single-cell"
"imageTCGA","Other"
"imcRtools","Single-cell"
"IMMAN","Proteomics"
"immApex","Single-cell"
"immunoClust","Single-cell"
"immunogenViewer","Proteomics"
"immunotation","Immunology"
"iModMix","Transcriptomics"
"IMPCdata","Other"
"impute","Microarray"
"INDEED","Immunology"
"iNETgrate","Microarray"
"infercnv","Single-cell"
"infinityFlow","Single-cell"
"Informeasure","Genomics"
"InPAS","Transcriptomics"
"INPower","Other"
"INSPEcT","Transcriptomics"
"INTACT","Genomics"
"InTAD","Microarray"
"intansv","Genomics"
"interacCircos","Other"
"InteractionSet","Other"
"InteractiveComplexHeatmap","Other"
"interactiveDisplay","Microarray"
"interactiveDisplayBase","Microarray"
"InterCellar","Single-cell"
"IntEREst","Immunology"
"IntramiRExploreR","Microarray"
"IONiseR","Other"
"iPath","Genomics"
"ipdDb","Genomics"
"IPO","Immunology"
"IRanges","Other"
"ISAnalytics","Single-cell"
"iscream","Single-cell"
"iSEE","Single-cell"
"iSEEde","Other"
"iSEEfier","Single-cell"
"iSEEhex","Other"
"iSEEhub","Single-cell"
"iSEEindex","Other"
"iSEEpathways","Genomics"
"iSEEtree","Microbiome"
"iSEEu","Single-cell"
"iSeq","Microarray"
"ISLET","Transcriptomics"
"islify","Other"
"isobar","Immunology"
"IsoBayes","Transcriptomics"
"IsoCorrectoR","Immunology"
"IsoCorrectoRGUI","Immunology"
"IsoformSwitchAnalyzeR","Immunology"
"ISoLDE","Immunology"
"isomiRs","Immunology"
"ITALICS","Microarray"
"iterativeBMA","Microarray"
"iterativeBMAsurv","Microarray"
"IVAS","Immunology"
"ivygapSE","Genomics"
"IWTomics","Genomics"
"jazzPanda","Transcriptomics"
"karyoploteR","Microarray"
"katdetectr","Genomics"
"KBoost","Transcriptomics"
"KCsmart","Microarray"
"kebabs","Other"
"KEGGgraph","Other"
"KEGGlincs","Genomics"
"keggorthology","Other"
"KEGGREST","Other"
"KinSwingR","Proteomics"
"kissDE","Transcriptomics"
"kmcut","Genomics"
"KnowSeq","Microarray"
"knowYourCG","Single-cell"
"koinar","Metabolomics"
"LACE","Single-cell"
"LBE","Other"
"ldblock","Other"
"LEA","Other"
"LedPred","Microarray"
"lefser","Microbiome"
"lemur","Single-cell"
"les","Microarray"
"levi","Genomics"
"lfa","Other"
"Lheuristic","Microarray"
"limma","Microarray"
"limmaGUI","Microarray"
"limpa","Metabolomics"
"limpca","Metabolomics"
"LimROTS","Microarray"
"lineagespot","Other"
"LinkHD","Other"
"linkSet","Single-cell"
"Linnorm","Single-cell"
"lionessR","Genomics"
"lipidr","Metabolomics"
"LipidTrend","Metabolomics"
"LiquidAssociation","Genomics"
"lisaClust","Single-cell"
"lmdme","Microarray"
"LOBSTAHS","Immunology"
"loci2path","Genomics"
"logicFS","Genomics"
"LOLA","Microarray"
"looking4clusters","Genomics"
"LoomExperiment","Single-cell"
"LPE","Microarray"
"lpNet","Other"
"lpsymphony","Other"
"LRBaseDbi","Other"
"LRcell","Single-cell"
"lumi","Microarray"
"LymphoSeq","Other"
"M3C","Immunology"
"M3Drop","Transcriptomics"
"m6Aboost","Genomics"
"Maaslin2","Microbiome"
"maaslin3","Microbiome"
"Macarron","Metabolomics"
"maCorrPlot","Microarray"
"MACSQuantifyR","Cytometrics"
"MACSr","Microarray"
"made4","Microarray"
"maftools","Genomics"
"MAGAR","Microarray"
"magpie","Transcriptomics"
"magrene","Other"
"MAI","Metabolomics"
"MAIT","Immunology"
"makecdfenv","Microarray"
"MANOR","Microarray"
"MantelCorr","Other"
"MAPFX","Single-cell"
"maPredictDSC","Microarray"
"mapscape","Other"
"mariner","Genomics"
"markeR","Transcriptomics"
"marr","Microarray"
"marray","Microarray"
"martini","Genomics"
"maser","Transcriptomics"
"maSigPro","Microarray"
"maskBAD","Microarray"
"MassArray","Immunology"
"massiR","Microarray"
"MassSpecWavelet","Immunology"
"MAST","Single-cell"
"mastR","Transcriptomics"
"matchBox","Microarray"
"MatrixGenerics","Other"
"MatrixQCvis","Transcriptomics"
"MatrixRider","Genomics"
"matter","Other"
"MBAmethyl","Microarray"
"MBASED","Genomics"
"MBCB","Microarray"
"MBECS","Microbiome"
"mbkmeans","Single-cell"
"mBPCR","Microarray"
"MBQN","Proteomics"
"mbQTL","Microbiome"
"MBttest","Transcriptomics"
"MCbiclust","Microarray"
"mCSEA","Microarray"
"mdp","Microarray"
"mdqc","Microarray"
"MDTS","Other"
"MEAL","Microarray"
"MeasurementError.cor","Other"
"MEAT","Microarray"
"MEB","Genomics"
"MEDIPS","Microarray"
"MEDME","Microarray"
"megadepth","Transcriptomics"
"MEIGOR","Other"
"memes","Genomics"
"Mergeomics","Other"
"MeSHDbi","Other"
"meshes","Other"
"meshr","Other"
"MesKit","Other"
"messina","Genomics"
"metabCombiner","Metabolomics"
"metabinR","Microbiome"
"MetaboAnnotation","Metabolomics"
"MetaboCoreUtils","Metabolomics"
"MetaboDynamics","Metabolomics"
"metabolomicsWorkbenchR","Metabolomics"
"metabomxtr","Immunology"
"MetaboSignal","Genomics"
"metaCCA","Genomics"
"MetaCyto","Cytometrics"
"MetaDICT","Microbiome"
"metagene2","Microarray"
"metagenomeSeq","Microbiome"
"metahdep","Microarray"
"metaMS","Immunology"
"MetaNeighbor","Single-cell"
"MetaPhOR","Microarray"
"metapod","Other"
"metapone","Metabolomics"
"metaSeq","Immunology"
"metaseqR2","Microarray"
"MetCirc","Metabolomics"
"methimpute","Immunology"
"methInheritSim","Immunology"
"methodical","Microarray"
"MethPed","Immunology"
"MethReg","Microarray"
"methrix","Genomics"
"MethTargetedNGS","Genomics"
"MethylAid","Microarray"
"methylCC","Microarray"
"methylclock","Genomics"
"methylGSA","Genomics"
"methyLImp2","Microarray"
"methylInheritance","Immunology"
"methylKit","Genomics"
"MethylMix","Microarray"
"methylMnM","Genomics"
"methylPipe","Genomics"
"methylscaper","Single-cell"
"MethylSeekR","Genomics"
"methylSig","Genomics"
"methylumi","Microarray"
"MetID","Other"
"MetMashR","Metabolomics"
"MetNet","Immunology"
"Mfuzz","Microarray"
"MGFM","Microarray"
"MGFR","Immunology"
"MGnifyR","Microbiome"
"mgsa","Genomics"
"mia","Microbiome"
"miaDash","Microbiome"
"miaSim","Microbiome"
"miaTime","Microbiome"
"miaViz","Microbiome"
"MiChip","Microarray"
"microbiome","Microbiome"
"microbiomeDASim","Microbiome"
"microbiomeExplorer","Microbiome"
"MicrobiomeProfiler","Microbiome"
"MicrobiotaProcess","Microbiome"
"microRNA","Genomics"
"MICSQTL","Single-cell"
"midasHLA","Genomics"
"miloR","Single-cell"
"mimager","Microarray"
"mina","Other"
"MineICA","Other"
"minet","Microarray"
"minfi","Microarray"
"MinimumDistance","Microarray"
"MiPP","Microarray"
"miQC","Single-cell"
"MIRA","Microarray"
"MiRaGE","Microarray"
"miRBaseConverter","Transcriptomics"
"miRcomp","Other"
"mirIntegrator","Microarray"
"MIRit","Genomics"
"miRLAB","Transcriptomics"
"miRNAmeConverter","Transcriptomics"
"miRNApath","Transcriptomics"
"miRNAtap","Microarray"
"miRSM","Microarray"
"miRspongeR","Single-cell"
"mirTarRnaSeq","Transcriptomics"
"missMethyl","Microarray"
"missRows","Other"
"mist","Single-cell"
"mistyR","Single-cell"
"mitch","Single-cell"
"mitoClone2","Single-cell"
"mitology","Single-cell"
"mixOmics","Microbiome"
"MLInterfaces","Other"
"MLP","Genomics"
"MLSeq","Immunology"
"MMDiff2","Microarray"
"MMUPHin","Microbiome"
"mnem","Single-cell"
"moanin","Microarray"
"mobileRNA","Transcriptomics"
"MODA","Microarray"
"ModCon","Transcriptomics"
"Modstrings","Other"
"MOFA2","Other"
"MOGAMUN","Transcriptomics"
"mogsa","Genomics"
"MoleculeExperiment","Transcriptomics"
"MOMA","Transcriptomics"
"monaLisa","Genomics"
"monocle","Immunology"
"Moonlight2R","Microarray"
"MoonlightR","Microarray"
"mosaics","Microarray"
"mosbi","Other"
"MOSClip","Other"
"mosdef","Transcriptomics"
"MOSim","Transcriptomics"
"Motif2Site","Microarray"
"motifbreakR","Microarray"
"motifcounter","Other"
"MotifDb","Other"
"motifmatchr","Other"
"MotifPeeker","Microarray"
"motifStack","Microarray"
"motifTestR","Microarray"
"MouseFM","Genomics"
"MPAC","Immunology"
"MPFE","Genomics"
"mpra","Genomics"
"MPRAnalyze","Immunology"
"msa","Other"
"MSA2dist","Genomics"
"MsBackendMassbank","Metabolomics"
"MsBackendMetaboLights","Metabolomics"
"MsBackendMgf","Metabolomics"
"MsBackendMsp","Metabolomics"
"MsBackendRawFileReader","Metabolomics"
"MsBackendSql","Metabolomics"
"MsCoreUtils","Metabolomics"
"MsDataHub","Metabolomics"
"MsExperiment","Metabolomics"
"MsFeatures","Metabolomics"
"msgbsR","Immunology"
"msImpute","Metabolomics"
"mslp","Genomics"
"msmsEDA","Immunology"
"msmsTests","Immunology"
"MSnbase","Immunology"
"MSnID","Immunology"
"mspms","Metabolomics"
"MSPrep","Metabolomics"
"msPurity","Metabolomics"
"msqrob2","Immunology"
"MsQuality","Metabolomics"
"MSstats","Immunology"
"MSstatsBig","Metabolomics"
"MSstatsBioNet","Immunology"
"MSstatsConvert","Metabolomics"
"MSstatsLiP","Microarray"
"MSstatsLOBD","Microarray"
"MSstatsPTM","Microarray"
"MSstatsQC","Metabolomics"
"MSstatsQCgui","Metabolomics"
"MSstatsResponse","Metabolomics"
"MSstatsShiny","Microarray"
"MSstatsTMT","Immunology"
"MuData","Other"
"Mulcom","Microarray"
"MultiAssayExperiment","Other"
"MultiBaC","Genomics"
"multiClust","Genomics"
"multicrispr","Other"
"MultiDataSet","Other"
"multiGSEA","Genomics"
"multiHiCcompare","Other"
"MultiMed","Other"
"multiMiR","Transcriptomics"
"MultimodalExperiment","Single-cell"
"MultiRNAflow","Transcriptomics"
"multiscan","Microarray"
"multistateQTL","Genomics"
"multiWGCNA","Transcriptomics"
"multtest","Microarray"
"mumosa","Single-cell"
"MungeSumstats","Genomics"
"muscat","Single-cell"
"muscle","Genomics"
"musicatk","Other"
"MutationalPatterns","Genomics"
"mutscan","Genomics"
"MVCClass","Other"
"MWASTools","Metabolomics"
"mygene","Other"
"myvariant","Genomics"
"mzID","Immunology"
"mzR","Immunology"
"NADfinder","Genomics"
"NanoMethViz","Genomics"
"NanoStringDiff","Other"
"NanoStringNCTools","Microarray"
"NanoTube","Genomics"
"NBAMSeq","Transcriptomics"
"ncdfFlow","Cytometrics"
"ncGTW","Metabolomics"
"NCIgraph","Other"
"ncRNAtools","Genomics"
"ndexr","Other"
"nearBynding","Other"
"Nebulosa","Single-cell"
"nempi","Single-cell"
"NetActivity","Microarray"
"netboost","Transcriptomics"
"nethet","Other"
"NetPathMiner","Other"
"netprioR","Immunology"
"netresponse","Microarray"
"NetSAM","Other"
"netSmooth","Single-cell"
"netZooR","Microarray"
"NewWave","Single-cell"
"ngsReports","Other"
"nipalsMCIA","Single-cell"
"nnNorm","Microarray"
"nnSVG","Single-cell"
"NOISeq","Immunology"
"nondetects","Genomics"
"NoRCE","Genomics"
"normalize450K","Microarray"
"NormalyzerDE","Metabolomics"
"NormqPCR","Genomics"
"normr","Microarray"
"notame","Metabolomics"
"notameStats","Metabolomics"
"notameViz","Metabolomics"
"NPARC","Proteomics"
"npGSEA","Microarray"
"NTW","Other"
"nucleoSim","Genomics"
"nucleR","Microarray"
"nuCpos","Genomics"
"nullranges","Microarray"
"NuPoP","Genomics"
"occugene","Other"
"OCplus","Microarray"
"octad","Genomics"
"odseq","Other"
"OGRE","Microbiome"
"oligo","Microarray"
"oligoClasses","Other"
"OLIN","Microarray"
"OLINgui","Microarray"
"omada","Transcriptomics"
"OmaDB","Genomics"
"omicade4","Other"
"OmicCircos","Other"
"omicplotR","Microbiome"
"omicRexposome","Immunology"
"omicsGMF","Single-cell"
"OmicsMLRepoR","Other"
"OMICsPCA","Single-cell"
"omicsPrint","Immunology"
"omicsViewer","Genomics"
"Omixer","Other"
"OmnipathR","Single-cell"
"ompBAM","Single-cell"
"omXplore","Metabolomics"
"oncomix","Genomics"
"oncoscanR","Microarray"
"OncoScore","Other"
"OncoSimulR","Other"
"onlineFDR","Other"
"ontoProc","Other"
"openCyto","Cytometrics"
"openPrimeR","Other"
"OpenStats","Other"
"oposSOM","Genomics"
"oppar","Genomics"
"optimalFlow","Cytometrics"
"OPWeight","Immunology"
"OrderedList","Microarray"
"ORFhunteR","Transcriptomics"
"ORFik","Immunology"
"Organism.dplyr","Genomics"
"OrganismDbi","Other"
"orthogene","Transcriptomics"
"orthos","Transcriptomics"
"OSAT","Other"
"Oscope","Immunology"
"OSTA.data","Single-cell"
"OTUbase","Other"
"OUTRIDER","Immunology"
"OutSplice","Transcriptomics"
"OVESEG","Genomics"
"PAA","Microarray"
"packFinder","Genomics"
"padma","Transcriptomics"
"PADOG","Microarray"
"pageRank","Genomics"
"PAIRADISE","Immunology"
"paircompviz","Other"
"pairedGSEA","Immunology"
"pairkat","Metabolomics"
"pandaR","Microarray"
"panelcn.mops","Genomics"
"PanomiR","Transcriptomics"
"panp","Other"
"PANR","Immunology"
"parglms","Other"
"parody","Other"
"partCNV","Single-cell"
"PAST","Genomics"
"Path2PPI","Proteomics"
"pathifier","Other"
"pathlinkR","Transcriptomics"
"pathMED","Transcriptomics"
"PathNet","Other"
"PathoStat","Microbiome"
"pathRender","Other"
"pathview","Microarray"
"pathwayPCA","Transcriptomics"
"pcaExplorer","Immunology"
"pcaMethods","Other"
"PCAN","Genomics"
"PCAtools","Single-cell"
"PDATK","Genomics"
"pdInfoBuilder","Other"
"PeacoQC","Cytometrics"
"peakCombiner","Microarray"
"peakPantheR","Metabolomics"
"PECA","Microarray"
"peco","Single-cell"
"Pedixplorer","Genomics"
"pengls","Transcriptomics"
"PepSetTest","Metabolomics"
"PepsNMR","Metabolomics"
"pepStat","Microarray"
"pepXMLTab","Immunology"
"periodicDNA","Other"
"pfamAnalyzeR","Transcriptomics"
"pgca","Immunology"
"pgxRpi","Genomics"
"phantasus","Microarray"
"phantasusLite","Transcriptomics"
"PharmacoGx","Genomics"
"PhenoGeneRanker","Genomics"
"phenomis","Transcriptomics"
"phenopath","Single-cell"
"phenoTest","Microarray"
"philr","Microbiome"
"PhIPData","Other"
"phosphonormalizer","Proteomics"
"PhosR","Proteomics"
"PhyloProfile","Other"
"phyloseq","Microbiome"
"piano","Microarray"
"PICB","Transcriptomics"
"pickgene","Microarray"
"Pigengene","Microarray"
"pipeComp","Transcriptomics"
"pipeFrame","Other"
"PIPETS","Transcriptomics"
"Pirat","Metabolomics"
"PIUMA","Other"
"planet","Microarray"
"planttfhunter","Genomics"
"plasmut","Other"
"plgem","Microarray"
"plier","Other"
"plotgardener","Genomics"
"plotGrouper","Cytometrics"
"PLPE","Microarray"
"PLSDAbatch","Microbiome"
"plyinteractions","Other"
"plyranges","Other"
"plyxp","Transcriptomics"
"pmm","Other"
"pmp","Metabolomics"
"PMScanR","Other"
"PoDCall","Genomics"
"podkat","Genomics"
"poem","Single-cell"
"pogos","Immunology"
"PolySTest","Metabolomics"
"Polytect","Microarray"
"POMA","Transcriptomics"
"powerTCR","Other"
"POWSC","Single-cell"
"ppcseq","Transcriptomics"
"PPInfer","Genomics"
"pqsfinder","Genomics"
"pram","Transcriptomics"
"prebs","Microarray"
"preciseTAD","Genomics"
"PREDA","Genomics"
"preprocessCore","Other"
"primirTSS","Immunology"
"PrInCE","Proteomics"
"proActiv","Transcriptomics"
"proBAMr","Immunology"
"PROcess","Immunology"
"procoil","Proteomics"
"proDA","Metabolomics"
"profileScoreDist","Genomics"
"progeny","Genomics"
"projectR","Genomics"
"pRoloc","Immunology"
"pRolocGUI","Proteomics"
"PROMISE","Microarray"
"PRONE","Proteomics"
"PROPER","Immunology"
"PROPS","Genomics"
"Prostar","Metabolomics"
"proteinProfiles","Other"
"ProteoDisco","Transcriptomics"
"ProteoMM","Immunology"
"protGear","Microarray"
"ProtGenerics","Metabolomics"
"psichomics","Immunology"
"PSMatch","Metabolomics"
"ptairMS","Metabolomics"
"puma","Microarray"
"PureCN","Immunology"
"pvac","Microarray"
"pvca","Microarray"
"Pviz","Microarray"
"pwalign","Genomics"
"PWMEnrich","Other"
"qcmetrics","Microarray"
"QDNAseq","Genomics"
"QFeatures","Metabolomics"
"qmtools","Metabolomics"
"qpcrNorm","Genomics"
"qpgraph","Microarray"
"qPLEXanalyzer","Immunology"
"QRscore","Genomics"
"qsea","Microarray"
"qsmooth","Microarray"
"QSutils","Genomics"
"qsvaR","Other"
"QTLExperiment","Genomics"
"Qtlizer","Genomics"
"quantiseqr","Microarray"
"quantro","Microarray"
"quantsmooth","Other"
"QuasR","Microarray"
"QuaternaryProd","Genomics"
"QUBIC","Microarray"
"qusage","Microarray"
"qvalue","Other"
"R3CPET","Genomics"
"r3Cseq","Other"
"R4RNA","Other"
"RadioGx","Genomics"
"raer","Single-cell"
"RaggedExperiment","Other"
"RAIDS","Genomics"
"rain","Microarray"
"ramr","Microarray"
"ramwas","Genomics"
"randPack","Other"
"randRotation","Microarray"
"RankProd","Microarray"
"RAREsim","Genomics"
"RareVariantVis","Genomics"
"Rarr","Other"
"rawDiag","Metabolomics"
"rawrr","Metabolomics"
"RbcBook1","Other"
"Rbec","Microbiome"
"RBGL","Other"
"RBioFormats","Other"
"rBiopaxParser","Other"
"rBLAST","Genomics"
"RBM","Microarray"
"Rbowtie","Other"
"Rbowtie2","Other"
"RbowtieCuda","Other"
"rbsurv","Microarray"
"Rbwa","Other"
"RCAS","Transcriptomics"
"RCASPAR","Proteomics"
"rcellminer","Transcriptomics"
"rCGH","Other"
"RcisTarget","Transcriptomics"
"RCM","Microbiome"
"Rcollectl","Other"
"Rcpi","Proteomics"
"RCSL","Single-cell"
"Rcwl","Immunology"
"RcwlPipelines","Immunology"
"RCX","Other"
"RCy3","Other"
"RCyjs","Other"
"Rdisop","Immunology"
"RDRToolbox","Microarray"
"ReactomeGSA","Transcriptomics"
"ReactomePA","Genomics"
"ReadqPCR","Genomics"
"REBET","Other"
"rebook","Other"
"reconsi","Microbiome"
"recount","Immunology"
"recount3","Transcriptomics"
"recountmethylation","Microarray"
"recoup","Microarray"
"RedeR","Other"
"RedisParam","Other"
"REDseq","Other"
"ReducedExperiment","Genomics"
"RegEnrich","Microarray"
"regionalpcs","Microarray"
"RegionalST","Transcriptomics"
"regioneR","Microarray"
"regioneReloaded","Microarray"
"regionReport","Immunology"
"regsplice","Microarray"
"regutools","Genomics"
"REMP","Microarray"
"ReportingTools","Microarray"
"RepViz","Microarray"
"ResidualMatrix","Other"
"RESOLVE","Other"
"retrofit","Single-cell"
"ReUseData","Immunology"
"rexposome","Other"
"rfaRm","Genomics"
"Rfastp","Other"
"RFLOMICS","Transcriptomics"
"rfPred","Other"
"rGenomeTracks","Other"
"RgnTX","Transcriptomics"
"rgoslin","Metabolomics"
"RGraph2js","Other"
"Rgraphviz","Other"
"rGREAT","Genomics"
"RGSEA","Genomics"
"rgsepd","Immunology"
"rhdf5","Other"
"rhdf5client","Other"
"rhdf5filters","Other"
"Rhdf5lib","Other"
"rhinotypeR","Genomics"
"Rhisat2","Other"
"Rhtslib","Other"
"RiboCrypt","Transcriptomics"
"RiboDiPA","Immunology"
"RiboProfiling","Other"
"ribor","Other"
"riboSeqR","Genomics"
"ribosomeProfilingQC","Genomics"
"rifi","Microarray"
"rifiComparative","Microarray"
"Rigraphlib","Other"
"rigvf","Genomics"
"RImmPort","Other"
"RITAN","Genomics"
"RIVER","Transcriptomics"
"RJMCMCNucleosomes","Microarray"
"RLassoCox","Genomics"
"RLMM","Microarray"
"Rmagpie","Microarray"
"RMassBank","Immunology"
"rmelting","Other"
"Rmmquant","Genomics"
"rmspc","Microarray"
"RNAAgeCalc","Transcriptomics"
"RNAdecay","Immunology"
"rnaEditr","Transcriptomics"
"RNAmodR","Other"
"RNAmodR.AlkAnilineSeq","Other"
"RNAmodR.ML","Other"
"RNAmodR.RiboMethSeq","Other"
"RNAsense","Transcriptomics"
"rnaseqcomp","Transcriptomics"
"RNAseqCovarImpute","Transcriptomics"
"RNASeqPower","Immunology"
"RnaSeqSampleSize","Immunology"
"RnBeads","Microarray"
"Rnits","Microarray"
"roar","Transcriptomics"
"roastgsa","Microarray"
"ROC","Other"
"ROCpAI","Other"
"RolDE","Proteomics"
"rols","Immunology"
"ROntoTools","Microarray"
"ropls","Immunology"
"ROSeq","Single-cell"
"ROTS","Microarray"
"RPA","Microarray"
"rprimer","Other"
"RProtoBufLib","Other"
"rpx","Immunology"
"Rqc","Other"
"rqt","Genomics"
"rqubic","Other"
"rRDP","Microbiome"
"RRHO","Microarray"
"rrvgo","Other"
"Rsamtools","Other"
"rsbml","Other"
"rScudo","Transcriptomics"
"rsemmed","Other"
"RSeqAn","Other"
"Rsubread","Single-cell"
"RSVSim","Other"
"rSWeeP","Other"
"RTCA","Immunology"
"RTCGA","Immunology"
"RTCGAToolbox","Genomics"
"RTN","Genomics"
"RTNduals","Genomics"
"RTNsurvival","Genomics"
"RTopper","Microarray"
"Rtpca","Proteomics"
"rtracklayer","Other"
"rTRM","Genomics"
"rTRMui","Genomics"
"RUCova","Single-cell"
"runibic","Microarray"
"RUVcorr","Genomics"
"RUVnormalize","Other"
"RUVSeq","Immunology"
"Rvisdiff","Transcriptomics"
"RVS","Immunology"
"rWikiPathways","Metabolomics"
"S4Arrays","Other"
"S4Vectors","Other"
"safe","Genomics"
"sagenhaft","Other"
"SAIGEgds","Genomics"
"sampleClassifier","Microarray"
"SamSPECTRAL","Cytometrics"
"sangeranalyseR","Genomics"
"sangerseqR","Other"
"SanityR","Single-cell"
"SANTA","Other"
"sarks","Transcriptomics"
"saseR","Transcriptomics"
"satuRn","Single-cell"
"SBGNview","Microarray"
"SBMLR","Other"
"SC3","Single-cell"
"scafari","Single-cell"
"Scale4C","Other"
"ScaledMatrix","Other"
"SCAN.UPC","Microarray"
"scanMiR","Transcriptomics"
"scanMiRApp","Transcriptomics"
"scAnnotatR","Single-cell"
"SCANVIS","Transcriptomics"
"SCArray","Single-cell"
"SCArray.sat","Single-cell"
"scater","Single-cell"
"scatterHatch","Single-cell"
"scBFA","Single-cell"
"SCBN","Genomics"
"scBubbletree","Single-cell"
"scCB2","Single-cell"
"scClassify","Single-cell"
"sccomp","Microbiome"
"scDataviz","Single-cell"
"scDblFinder","Single-cell"
"scDD","Single-cell"
"scDDboost","Single-cell"
"scde","Immunology"
"scDesign3","Single-cell"
"scDiagnostics","Single-cell"
"scDotPlot","Single-cell"
"scds","Single-cell"
"SCFA","Other"
"scFeatureFilter","Single-cell"
"scFeatures","Single-cell"
"scGPS","Single-cell"
"scGraphVerse","Single-cell"
"schex","Single-cell"
"scHiCcompare","Single-cell"
"scHOT","Single-cell"
"scider","Transcriptomics"
"scifer","Single-cell"
"scLANE","Single-cell"
"scmap","Single-cell"
"scMerge","Single-cell"
"scMET","Single-cell"
"scmeth","Single-cell"
"scMitoMut","Single-cell"
"scMultiSim","Single-cell"
"SCnorm","Single-cell"
"scone","Single-cell"
"Sconify","Single-cell"
"SCOPE","Single-cell"
"scoreInvHap","Genomics"
"scoup","Genomics"
"scp","Single-cell"
"scPCA","Microarray"
"scPipe","Single-cell"
"scQTLtools","Single-cell"
"scran","Single-cell"
"scrapper","Single-cell"
"scReClassify","Single-cell"
"scRecover","Single-cell"
"screenCounter","Genomics"
"ScreenR","Genomics"
"scRepertoire","Single-cell"
"scRNAseqApp","Single-cell"
"scruff","Single-cell"
"scry","Single-cell"
"scShapes","Single-cell"
"scTensor","Single-cell"
"scTGIF","Single-cell"
"scTHI","Single-cell"
"scTreeViz","Single-cell"
"scuttle","Single-cell"
"scviR","Single-cell"
"SDAMS","Single-cell"
"seahtrue","Metabolomics"
"sechm","Genomics"
"segmenter","Other"
"segmentSeq","Other"
"selectKSigs","Other"
"SELEX","Genomics"
"SemDist","Other"
"semisup","Microarray"
"seq.hotSPOT","Genomics"
"seq2pathway","Other"
"SeqArray","Genomics"
"seqCAT","Genomics"
"seqcombo","Other"
"SeqGate","Transcriptomics"
"SeqGSEA","Immunology"
"Seqinfo","Genomics"
"seqLogo","Other"
"seqPattern","Other"
"seqsetvis","Microarray"
"SeqSQC","Genomics"
"SeqVarTools","Genomics"
"SEraster","Single-cell"
"sesame","Microarray"
"SETA","Single-cell"
"SEtools","Genomics"
"sevenbridges","Other"
"sevenC","Microarray"
"SGSeq","Immunology"
"SharedObject","Other"
"shinybiocloader","Other"
"shinyDSP","Transcriptomics"
"shinyepico","Microarray"
"shinyMethyl","Microarray"
"ShortRead","Other"
"SIAMCAT","Microbiome"
"SICtools","Other"
"SigCheck","Genomics"
"sigFeature","Microarray"
"siggenes","Microarray"
"sights","Immunology"
"signatureSearch","Genomics"
"signeR","Genomics"
"signifinder","Single-cell"
"SigsPack","Genomics"
"sigsquared","Other"
"SIM","Microarray"
"SIMAT","Immunology"
"SimBu","Single-cell"
"SIMD","Single-cell"
"SimFFPE","Other"
"similaRpeak","Microarray"
"SIMLR","Single-cell"
"simona","Other"
"simPIC","Single-cell"
"simpleSeg","Single-cell"
"simplifyEnrichment","Genomics"
"sincell","Immunology"
"SingleCellAlleleExperiment","Single-cell"
"SingleCellExperiment","Single-cell"
"SingleCellSignalR","Single-cell"
"singleCellTK","Single-cell"
"SingleMoleculeFootprinting","Genomics"
"SingleR","Single-cell"
"singscore","Genomics"
"SiPSiC","Single-cell"
"sitadela","Microarray"
"Site2Target","Microarray"
"sitePath","Genomics"
"sizepower","Microarray"
"sketchR","Single-cell"
"skewr","Microarray"
"slalom","Single-cell"
"slingshot","Single-cell"
"SLqPCR","Other"
"SMAD","Metabolomics"
"smartid","Transcriptomics"
"SmartPhos","Metabolomics"
"SMITE","Immunology"
"smoothclust","Single-cell"
"smoppix","Single-cell"
"SNAGEE","Microarray"
"snapcount","Transcriptomics"
"snifter","Single-cell"
"snm","Microarray"
"SNPediaR","Other"
"SNPhood","Other"
"SNPRelate","Genomics"
"snpStats","Microarray"
"SomaticSignatures","Genomics"
"SOMNiBUS","Genomics"
"sosta","Transcriptomics"
"SpaceMarkers","Single-cell"
"SpaceTrooper","Single-cell"
"spacexr","Single-cell"
"Spaniel","Single-cell"
"SpaNorm","Transcriptomics"
"spARI","Transcriptomics"
"sparrow","Genomics"
"SparseArray","Other"
"sparseMatrixStats","Other"
"sparsenetgls","Immunology"
"SparseSignatures","Other"
"spaSim","Other"
"SpatialCPie","Transcriptomics"
"spatialDE","Transcriptomics"
"SpatialDecon","Immunology"
"SpatialExperiment","Single-cell"
"SpatialExperimentIO","Single-cell"
"spatialFDA","Transcriptomics"
"SpatialFeatureExperiment","Transcriptomics"
"spatialHeatmap","Single-cell"
"SpatialOmicsOverlay","Microarray"
"spatialSimGP","Transcriptomics"
"speckle","Single-cell"
"specL","Metabolomics"
"SpeCond","Microarray"
"Spectra","Metabolomics"
"SpectralTAD","Other"
"SpectraQL","Metabolomics"
"SpectriPy","Metabolomics"
"SPEM","Other"
"SPIA","Microarray"
"SPIAT","Single-cell"
"SPICEY","Single-cell"
"spicyR","Single-cell"
"spikeLI","Microarray"
"spiky","Genomics"
"spillR","Single-cell"
"spkTools","Microarray"
"splatter","Single-cell"
"SpliceWiz","Transcriptomics"
"SplicingFactory","Transcriptomics"
"SplicingGraphs","Immunology"
"SplineDV","Single-cell"
"splineTimeR","Genomics"
"SPLINTER","Immunology"
"splots","Other"
"SPONGE","Transcriptomics"
"spoon","Single-cell"
"SpotClean","Single-cell"
"SPOTlight","Single-cell"
"SpotSweeper","Transcriptomics"
"spqn","Other"
"SPsimSeq","Single-cell"
"squallms","Metabolomics"
"sRACIPE","Genomics"
"SRAdb","Other"
"srnadiff","Immunology"
"sscu","Genomics"
"sSeq","Immunology"
"ssize","Microarray"
"sSNAPPY","Genomics"
"ssPATHS","Transcriptomics"
"ssrch","Other"
"ssviz","Immunology"
"StabMap","Single-cell"
"STADyUM","Transcriptomics"
"stageR","Other"
"standR","Transcriptomics"
"STATegRa","Other"
"Statial","Single-cell"
"statTarget","Immunology"
"stepNorm","Microarray"
"stJoincount","Transcriptomics"
"stPipe","Single-cell"
"strandCheckR","Immunology"
"Streamer","Other"
"STRINGdb","Other"
"struct","Other"
"Structstrings","Other"
"structToolbox","Metabolomics"
"StructuralVariantAnnotation","Genomics"
"SubCellBarCode","Metabolomics"
"subSeq","Immunology"
"SUITOR","Genomics"
"SummarizedExperiment","Genomics"
"Summix","Genomics"
"SuperCellCyto","Single-cell"
"supersigs","Genomics"
"surfaltr","Other"
"SurfR","Transcriptomics"
"survClust","Other"
"survcomp","Genomics"
"survtype","Genomics"
"sva","Microarray"
"svaNUMT","Genomics"
"svaRetro","Genomics"
"SVMDO","Transcriptomics"
"SVP","Single-cell"
"SWATH2stats","Immunology"
"SwathXtend","Other"
"swfdr","Other"
"switchBox","Other"
"switchde","Single-cell"
"synapsis","Single-cell"
"synergyfinder","Other"
"SynExtend","Genomics"
"synlet","Immunology"
"SynMut","Other"
"syntenet","Genomics"
"systemPipeR","Microarray"
"systemPipeShiny","Other"
"systemPipeTools","Other"
"tadar","Transcriptomics"
"TADCompare","Other"
"tanggle","Genomics"
"TAPseq","Single-cell"
"target","Other"
"TargetDecoy","Metabolomics"
"TargetScore","Transcriptomics"
"TargetSearch","Immunology"
"TaxSEA","Microbiome"
"TBSignatureProfiler","Genomics"
"TCC","Immunology"
"TCGAbiolinks","Microarray"
"TCGAutils","Other"
"TCseq","Microarray"
"TDbasedUFE","Single-cell"
"TDbasedUFEadv","Single-cell"
"TEKRABber","Genomics"
"TENET","Microarray"
"TENxIO","Single-cell"
"tenXplore","Single-cell"
"TEQC","Microarray"
"terapadog","Transcriptomics"
"ternarynet","Other"
"terraTCGAdata","Other"
"TFARM","Other"
"TFBSTools","Genomics"
"TFEA.ChIP","Microarray"
"TFHAZ","Microarray"
"TFutils","Transcriptomics"
"tidybulk","Transcriptomics"
"tidyCoverage","Other"
"tidyFlowCore","Single-cell"
"tidyomics","Transcriptomics"
"tidysbml","Other"
"tidySingleCellExperiment","Single-cell"
"tidySpatialExperiment","Single-cell"
"tidySummarizedExperiment","Transcriptomics"
"tigre","Microarray"
"TileDBArray","Other"
"tilingArray","Microarray"
"timecourse","Microarray"
"timeOmics","Microbiome"
"timescape","Other"
"TIN","Microarray"
"TissueEnrich","Genomics"
"tkWidgets","Other"
"tLOH","Transcriptomics"
"TMixClust","Genomics"
"TMSig","Genomics"
"TnT","Other"
"TOAST","Microarray"
"tomoda","Transcriptomics"
"tomoseqr","Transcriptomics"
"TOP","Genomics"
"topconfects","Microarray"
"topdownr","Immunology"
"topGO","Microarray"
"ToxicoGx","Genomics"
"TPP","Immunology"
"TPP2D","Proteomics"
"tpSVG","Transcriptomics"
"tracktables","Other"
"trackViewer","Other"
"tradeSeq","Single-cell"
"TrajectoryGeometry","Single-cell"
"TrajectoryUtils","Single-cell"
"transcriptogramer","Microarray"
"transcriptR","Immunology"
"transformGamPoi","Single-cell"
"transite","Microarray"
"tRanslatome","Microarray"
"transmogR","Transcriptomics"
"transomics2cytoscape","Other"
"traseR","Genomics"
"TreeAndLeaf","Other"
"treeclimbR","Other"
"treeio","Genomics"
"treekoR","Single-cell"
"TreeSummarizedExperiment","Other"
"TREG","Single-cell"
"Trendy","Immunology"
"TRESS","Transcriptomics"
"tricycle","Single-cell"
"TrIdent","Microbiome"
"trio","Microarray"
"triplex","Genomics"
"tripr","Immunology"
"tRNA","Other"
"tRNAdbImport","Other"
"tRNAscanImport","Other"
"TRONCO","Single-cell"
"TSAR","Other"
"TSCAN","Genomics"
"ttgsea","Genomics"
"TTMap","Microarray"
"TurboNorm","Microarray"
"TVTB","Genomics"
"tweeDEseq","Immunology"
"twilight","Microarray"
"twoddpcr","Other"
"txcutr","Transcriptomics"
"txdbmaker","Genomics"
"tximeta","Single-cell"
"tximport","Immunology"
"UCell","Single-cell"
"UCSC.utils","Genomics"
"Ularcirc","Transcriptomics"
"UMI4Cats","Other"
"uncoverappLib","Other"
"UNDO","Other"
"unifiedWMWqPCR","Genomics"
"UniProt.ws","Other"
"Uniquorn","Immunology"
"universalmotif","Genomics"
"updateObject","Other"
"UPDhmm","Genomics"
"uSORT","Immunology"
"VAExprs","Single-cell"
"VanillaICE","Other"
"VarCon","Transcriptomics"
"variancePartition","Microarray"
"VariantAnnotation","Genomics"
"VariantExperiment","Microarray"
"VariantFiltering","Genomics"
"VariantTools","Genomics"
"VaSP","Immunology"
"vbmp","Other"
"VCFArray","Other"
"VDJdive","Single-cell"
"VegaMC","Other"
"velociraptor","Single-cell"
"veloviz","Transcriptomics"
"VennDetail","Other"
"VERSO","Other"
"vidger","Immunology"
"viper","Genomics"
"ViSEAGO","Genomics"
"VisiumIO","Single-cell"
"visiumStitched","Transcriptomics"
"vissE","Genomics"
"vmrseq","Single-cell"
"Voyager","Transcriptomics"
"VplotR","Other"
"vsclust","Metabolomics"
"vsn","Microarray"
"vtpnet","Other"
"vulcan","Microarray"
"waddR","Single-cell"
"wateRmelon","Microarray"
"wavClusteR","Immunology"
"weaver","Other"
"webbioc","Microarray"
"weitrix","Single-cell"
"widgetTools","Other"
"wiggleplotr","Microarray"
"wpm","Metabolomics"
"wppi","Transcriptomics"
"Wrench","Other"
"XAItest","Other"
"xCell2","Single-cell"
"xcms","Immunology"
"xcore","Genomics"
"XDE","Microarray"
"XeniumIO","Single-cell"
"xenLite","Other"
"Xeva","Genomics"
"XINA","Transcriptomics"
"xmapbridge","Other"
"XVector","Other"
"yamss","Metabolomics"
"YAPSA","Genomics"
"yarn","Genomics"
"zellkonverter","Single-cell"
"zenith","Microarray"
"zFPKM","Immunology"
"zinbwave","Single-cell"
"zitools","Microbiome"
"ZygosityPredictor","Genomics"
"APAlyzer","Transcriptomics"
"barcodetrackR","Other"
"benchdamic","Microbiome"
"bgx","Microarray"
"biodbHmdb","Other"
"biodbNcbi","Other"
"biodbNci","Other"
"biodbUniprot","Other"
"BPRMeth","Single-cell"
"BubbleTree","Other"
"ChIPQC","Microarray"
"CINdex","Microarray"
"cisPath","Proteomics"
"comapr","Single-cell"
"cummeRbund","Transcriptomics"
"debCAM","Genomics"
"DeconRNASeq","Other"
"GEOexplorer","Microarray"
"gINTomics","Microarray"
"gpuMagic","Other"
"granulator","Single-cell"
"hca","Single-cell"
"hiAnnotator","Other"
"IMAS","Immunology"
"Melissa","Single-cell"
"mfa","Single-cell"
"oppti","Proteomics"
"profileplyr","Microarray"
"R453Plus1Toolbox","Other"
"receptLoss","Genomics"
"rGADEM","Microarray"
"SARC","Genomics"
"seqArchRplus","Other"
"SGCP","Microarray"
"shiny.gosling","Genomics"
"SigFuge","Immunology"
"soGGi","Microarray"
"spatzie","Genomics"
"SQLDataFrame","Other"
"tidytof","Single-cell"
"TransView","Microarray"
"traviz","Single-cell"
"Harshlight","Microarray"
"HiCool","Genomics"
"seqArchR","Transcriptomics"
"lapmix","Microarray"
"Repitools","Genomics"
"BiGGR","Metabolomics"
"PhenStat","Other"
"TitanCNA","Immunology"
"hiReadsProcessor","Other"
"seqTools","Other"
"MADSEQ","Genomics"
"ccmap","Microarray"
"CellScore","Microarray"
"qckitfastq","Other"
"XNAString","Genomics"
"ReactomeGraph4R","Other"
"LinTInd","Single-cell"
"microSTASIS","Microbiome"
"lute","Single-cell"
